CREATE DATABASE  IF NOT EXISTS `libArabDB` /*!40100 DEFAULT CHARACTER SET utf8 COLLATE utf8_unicode_ci */;
USE `libArabDB`;
-- MySQL dump 10.13  Distrib 5.7.17, for Win64 (x86_64)
--
-- Host: libarab.crbu6i1ygais.eu-central-1.rds.amazonaws.com    Database: libArabDB
-- ------------------------------------------------------
-- Server version	5.6.27-log

/*!40101 SET @OLD_CHARACTER_SET_CLIENT=@@CHARACTER_SET_CLIENT */;
/*!40101 SET @OLD_CHARACTER_SET_RESULTS=@@CHARACTER_SET_RESULTS */;


--
-- Dumping data for tabclient     = @@character_set_client */;
/*!40101 SET character_set_client = utf8 */;
CREATE TABLE `favorite` (
  `userID` int(11) NOT NULL,
  `bookID` varchar(45) NOT NULL,
  `type` enum('BOOK','MAP','HANDWRITING','MAGAZINE','SHEET') NOT NULL,
  `pageLink` varchar(200) NOT NULL,
  `pageNumber` int(11) NOT NULL,
  `description` varchar(45) NOT NULL,
  `bibliography_idbibliographyID` int(11) NOT NULL,
  `title` varchar(45) DEFAULT NULL,
  `author` varchar(45) DEFAULT NULL,
  `publisher` varchar(45) DEFAULT NULL,
  `creationDate` varchar(45) DEFAULT NULL,
  `source` varchar(45) DEFAULT NULL,
  `other` varchar(45) DEFAULT NULL,
  `WhenAdd` datetime DEFAULT CURRENT_TIMESTAMP,
  PRIMARY KEY (`userID`,`bookID`,`pageNumber`,`bibliography_idbibliographyID`),
  KEY `fk_favorite_user1_idx` (`userID`),
  KEY `fk_favorite_bibliography1_idx` (`bibliography_idbibliographyID`,`userID`)
) ENGINE=InnoDB DEFAULT CHARSET=utf8;
/*!40101 SET character_set_client = @saved_cs_client */;

--
-- Dumping data for table `favorite`
--

LOCK TABLES `favorite` WRITE;
/*!40000 ALTER TABLE `favorite` DISABLE KEYS */;
INSERT INTO `favorite` VALUES (2,'NNL_ALEPH003450619','BOOK','http://iiif.nli.org.il/IIIF/FL10139650/full/full/0/default.jpg',1,'No Description',0,'null','null','null','null','null','null','2016-12-27 09:29:03'),(3,'NNL_ALEPH000400204','BOOK','http://iiif.nli.org.il/IIIF/FL31351603/full/full/0/default.jpg',1,'No Description',0,'Saints, martyrs and Church off','Yiannis E. Meimaris','Unknown','1986','null','null','2016-10-26 13:26:17'),(3,'NNL_ALEPH000400204','BOOK','http://iiif.nli.org.il/IIIF/FL31351532/full/full/0/default.jpg',3,'No Description',0,'Saints, martyrs and Church off','Yiannis E. Meimaris','Unknown','1986','null','null','2016-10-26 13:26:21'),(3,'NNL_ALEPH000400204','BOOK','http://iiif.nli.org.il/IIIF/FL31351557/full/full/0/default.jpg',5,'No Description',0,'Saints, martyrs and Church off','Yiannis E. Meimaris','Unknown','1986','null','null','2016-10-26 13:26:23'),(3,'NNL_ALEPH002366941','MAP','http://iiif.nli.org.il/IIIF/FL27925284/full/full/0/default.jpg',1,'No Description',0,'A map of Tel Aviv United Artis','Ḥevrah ha-memshaltit le-tayarut (Israel)','Unknown','1957','null','null','2016-11-17 16:21:42'),(15,'NNL_ALEPH003430677','BOOK','http://iiif.nli.org.il/IIIF/FL10591300/full/full/0/default.jpg',3,'No Description',0,'null','null','null','null','null','null','2016-10-31 20:34:47'),(18,'NNL_ALEPH002505790','BOOK','http://iiif.nli.org.il/IIIF/FL37657981/full/full/0/default.jpg',1,'No Description',0,'null','null','null','null','null','null','2016-11-10 08:47:00'),(25,'NNL_ALEPH000400204','BOOK','http://iiif.nli.org.il/IIIF/FL31351531/full/full/0/default.jpg',2,'No Description',0,'Saints, martyrs and Church off','Yiannis E. Meimaris','Unknown','1986','null','null','2016-11-27 18:41:10'),(25,'NNL_ALEPH002608180','MAP','http://iiif.nli.org.il/IIIF/FL7072593/full/full/0/default.jpg',1,'No Description',0,'דאס יודישע ארץ ישראל געצייכענט','Unknown','Unknown','1914?','null','null','2016-11-27 18:40:31');
/*!40000 ALTER TABLE `favorite` ENABLE KEYS */;
UNLOCK TABLES;

--
-- Table structure for table `question`
--

DROP TABLE IF EXISTS `question`;
/*!40101 SET @saved_cs_client     = @@character_set_client */;
/*!40101 SET character_set_client = utf8 */;
CREATE TABLE `question` (
  `questionID` int(11) NOT NULL AUTO_INCREMENT,
  `addQuestionUserID` int(11) NOT NULL,
  `question` longtext NOT NULL,
  `correctAnswer` longtext NOT NULL,
  `wrongAnswer1` longtext NOT NULL,
  `wrongAnswer2` longtext NOT NULL,
  `wrongAnswer3` longtext NOT NULL,
  `questionItemID` longtext NOT NULL,
  `authorName` longtext NOT NULL,
  `itemName` longtext NOT NULL,
  `WhenAdd` datetime DEFAULT CURRENT_TIMESTAMP,
  `Publisher` longtext,
  `CreationDate` longtext,
  `UrlImage` longtext,
  PRIMARY KEY (`questionID`)
) ENGINE=InnoDB AUTO_INCREMENT=11 DEFAULT CHARSET=utf8;
/*!40101 SET character_set_client = @saved_cs_client */;

--
-- Dumping data for table `question`
--

LOCK TABLES `question` WRITE;
/*!40000 ALTER TABLE `question` DISABLE KEYS */;
INSERT INTO `question` VALUES (1,2,'سنة اصدار الكتاب','1700','1800','1900','1500\n','NNL_ALEPH003450619','نيشابوري, محمود بن عبد الله','تاريخ تركمانيه.','2016-10-26 13:23:36','The National Library of Israel','١٠٩٠-١١٠٠ه (1679-1688)','Unknown'),(2,3,'מה שם הספר ביברית','סאינט מרטין......','תורה','נביאים','כתובים','NNL_ALEPH000400204','Yiannis E. Meimaris','Saints, martyrs and Church officials in the Greek inscriptions pertaining to the Christian Church of Palestine by Yiannis E. Meimaris.','2016-10-26 13:28:42','The National Library of Israel','1986','Unknown'),(3,16,'ما الذس قاله محمد لجعفر في اول الحديث ','امتنع من شروب الكحول','شرب الكحول محرم','لمجد شب ع كيفك','حبيبنا','NNL_ALEPH003444807','Unknown','حديث محمد بن عبد الله الانصاري\" - الكراسة الاولى منه.','2016-11-03 15:06:23','The National Library of Israel','٨٤٠-٨٦٠ه (1436-1455)','Unknown'),(4,17,'11','q','q','s','3','NNL_ALEPH000400204','Yiannis E. Meimaris','Saints, martyrs and Church officials in the Greek inscriptions pertaining to the Christian Church of Palestine by Yiannis E. Meimaris.','2016-11-20 21:56:42','The National Library of Israel','1986','Unknown'),(5,17,'ما هو هذا الكتاب','ح','ه','ن','ع','NNL_ALEPH003244893','الزملكاني, محمد بن احمد','* \"مقامة النصر في مناقب امام العصر\"(ص1أ).','2016-11-21 08:06:36','The National Library of Israel','٧٥٩-٧٦٨ه (1357-1366)','Unknown'),(6,17,'قتلب','الب','للل','اا','لل','NNL_ALEPH003244893','الزملكاني, محمد بن احمد','* \"مقامة النصر في مناقب امام العصر\"(ص1أ).','2016-11-21 11:29:41','The National Library of Israel','٧٥٩-٧٦٨ه (1357-1366)','Unknown'),(7,24,'اي سنة كتب الكتاب','١٩٩٠','١٧٠٠','١٢٠٠','١٤٨٠','NNL_ALEPH003450619','نيشابوري, محمود بن عبد الله','تاريخ تركمانيه.','2016-11-21 16:20:04','The National Library of Israel','١٠٩٠-١١٠٠ه (1679-1688)','Unknown'),(8,2,'מה','מה','לא','מה','מה','NNL_ALEPH003450619','نيشابوري, محمود بن عبد الله','تاريخ تركمانيه.','2016-12-27 09:28:55','The National Library of Israel','١٠٩٠-١١٠٠ه (1679-1688)','Unknown'),(9,16,'الحواب الصح هو بدر','بدر','فاهوم','طريفيا','ملك','NNL_ALEPH003450619','نيشابوري, محمود بن عبد الله','تاريخ تركمانيه.','2017-01-08 13:32:46','The National Library of Israel','١٠٩٠-١١٠٠ه (1679-1688)','Unknown'),(10,16,'الجواب الصح بدر','بدر','فراس ','دميانا','اسيل','NNL_ALEPH003923833','Unknown','نامه : محمد كاع المحمدى ... محمود ...','2017-01-10 12:12:09','The National Library of Israel','Unknown','Unknown');
/*!40000 ALTER TABLE `question` ENABLE KEYS */;
UNLOCK TABLES;

--
-- Table structure for table `search`
--

DROP TABLE IF EXISTS `search`;
/*!40101 SET @saved_cs_client     = @@character_set_client */;
/*!40101 SET character_set_client = utf8 */;
CREATE TABLE `search` (
  `basicSearchID` int(11) NOT NULL AUTO_INCREMENT,
  `searchDate` date NOT NULL,
  `typeOfResource` enum('BOOK','MAP','SHEET','HANDWRITING','MAGAZINE') NOT NULL,
  `author` varchar(45) DEFAULT NULL,
  `title` varchar(45) DEFAULT NULL,
  `freeText` varchar(45) DEFAULT NULL,
  `user_userID` int(11) NOT NULL,
  `fromYear` int(11) DEFAULT NULL,
  `toYear` int(11) DEFAULT NULL,
  `WhenAdd` datetime DEFAULT CURRENT_TIMESTAMP,
  PRIMARY KEY (`basicSearchID`,`user_userID`),
  KEY `fk_search_user1_idx` (`user_userID`),
  CONSTRAINT `fk_search_user1` FOREIGN KEY (`user_userID`) REFERENCES `user` (`userID`) ON DELETE CASCADE ON UPDATE CASCADE
) ENGINE=InnoDB AUTO_INCREMENT=3064 DEFAULT CHARSET=utf8;
/*!40101 SET character_set_client = @saved_cs_client */;

--
-- Dumping data for table `search`
--

LOCK TABLES `search` WRITE;
/*!40000 ALTER TABLE `search` DISABLE KEYS */;
INSERT INTO `search` VALUES (2668,'2016-10-26','SHEET','any','any','ليلى',1,1,9999,'2016-10-26 12:54:28'),(2669,'2016-10-26','SHEET','any','any','بخاري',1,1,9999,'2016-10-26 12:55:25'),(2670,'2016-10-26','SHEET','any','تركمانية','any',2,1,9999,'2016-10-26 12:59:30'),(2671,'2016-10-26','SHEET','any','تاريخ','any',2,1,9999,'2016-10-26 12:59:39'),(2672,'2016-10-26','SHEET','any','any','صيام',1,1,9999,'2016-10-26 13:00:11'),(2673,'2016-10-26','SHEET','any','any','صوم',1,1,9999,'2016-10-26 13:00:26'),(2674,'2016-10-26','SHEET','any','any','سيف',1,1,9999,'2016-10-26 13:01:02'),(2675,'2016-10-26','SHEET','any','any','المسلول',1,1,9999,'2016-10-26 13:05:39'),(2676,'2016-10-26','SHEET','any','any','خالد',1,1,9999,'2016-10-26 13:05:46'),(2677,'2016-10-26','SHEET','any','any','الوليد',1,1,9999,'2016-10-26 13:06:05'),(2678,'2016-10-26','SHEET','any','any','سيف الله',1,1,9999,'2016-10-26 13:06:43'),(2679,'2016-10-26','SHEET','any','any','سيف',1,1,9999,'2016-10-26 13:06:49'),(2680,'2016-10-26','SHEET','any','any','البسوس',1,1,9999,'2016-10-26 13:07:28'),(2681,'2016-10-26','SHEET','any','any','بسوس',1,1,9999,'2016-10-26 13:07:33'),(2682,'2016-10-26','SHEET','any','any','حطين',1,1,9999,'2016-10-26 13:07:46'),(2683,'2016-10-26','SHEET','any','any','معركة',1,1,9999,'2016-10-26 13:07:53'),(2684,'2016-10-26','SHEET','any','any','חיפה',1,1,9999,'2016-10-26 13:08:43'),(2685,'2016-10-26','SHEET','any','any','חיפה',1,1,9999,'2016-10-26 13:12:57'),(2686,'2016-10-26','SHEET','any','any','ת\"א',1,1,9999,'2016-10-26 13:13:31'),(2687,'2016-10-26','SHEET','any','any','פועל',1,1,9999,'2016-10-26 13:13:43'),(2688,'2016-10-26','MAP','any','any','אביב',1,1,9999,'2016-10-26 13:15:11'),(2689,'2016-10-26','MAP','any','any','אביב',1,1,9999,'2016-10-26 13:15:51'),(2690,'2016-10-26','SHEET','any','any','بخاري',1,1,9999,'2016-10-26 13:16:14'),(2691,'2016-10-26','SHEET','any','any','بخاري',1,1,9999,'2016-10-26 13:19:32'),(2692,'2016-10-26','SHEET','any','any','אביב',1,1,9999,'2016-10-26 13:20:50'),(2693,'2016-10-26','SHEET','any','any','any',1,1,9999,'2016-10-26 13:21:43'),(2694,'2016-10-26','SHEET','any','تاريخ','any',2,1,9999,'2016-10-26 13:22:46'),(2695,'2016-10-26','SHEET','any','any','any',1,1,9999,'2016-10-26 13:24:06'),(2696,'2016-10-26','SHEET','any','any','any',3,1,9999,'2016-10-26 13:26:11'),(2697,'2016-10-26','SHEET','any','any','any',3,1,9999,'2016-10-26 13:26:54'),(2698,'2016-10-26','SHEET','any','any','קלנסואה',4,1,9999,'2016-10-26 14:10:46'),(2699,'2016-10-26','SHEET','any','קלנסואה','קלנסואה',4,1,9999,'2016-10-26 14:11:34'),(2700,'2016-10-26','SHEET','any','any','any',3,1,9999,'2016-10-26 15:12:26'),(2701,'2016-10-26','SHEET','any','any','any',3,1,9999,'2016-10-26 15:12:39'),(2702,'2016-10-26','SHEET','any','any','any',3,1,9999,'2016-10-26 15:13:02'),(2703,'2016-10-26','SHEET','any','any','jerusalem',3,1,9999,'2016-10-26 15:13:29'),(2704,'2016-10-26','SHEET','any','any','jerusalem',3,1,9999,'2016-10-26 15:14:21'),(2705,'2016-10-26','SHEET','any','any','any',3,1,9999,'2016-10-26 15:15:14'),(2706,'2016-10-26','SHEET','any','any','any',3,1,9999,'2016-10-26 18:07:08'),(2707,'2016-10-26','SHEET','any','any','any',3,1,9999,'2016-10-26 18:07:20'),(2708,'2016-10-26','SHEET','any','any','any',3,1,9999,'2016-10-26 18:07:40'),(2709,'2016-10-26','SHEET','any','any','any',3,1,9999,'2016-10-26 18:07:51'),(2710,'2016-10-27','SHEET','any','any','any',3,1,9999,'2016-10-27 15:20:56'),(2711,'2016-10-27','SHEET','any','לא רציונלי','any',3,1,9999,'2016-10-27 15:22:56'),(2712,'2016-10-27','SHEET','any','לא רציונלי','any',3,1,9999,'2016-10-27 15:23:09'),(2713,'2016-10-27','SHEET','any','לא רציונלי','any',3,1,9999,'2016-10-27 15:23:10'),(2714,'2016-10-27','SHEET','any','לא רציונלי','any',3,1,9999,'2016-10-27 15:23:10'),(2715,'2016-10-27','SHEET','any','לא רציונלי','any',3,1,9999,'2016-10-27 15:23:11'),(2716,'2016-10-27','SHEET','any','any','any',3,1,9999,'2016-10-27 15:23:16'),(2717,'2016-10-27','SHEET','any','any','any',3,1,9999,'2016-10-27 15:25:08'),(2718,'2016-10-27','MAP','any','any','any',3,1,9999,'2016-10-27 15:25:40'),(2719,'2016-10-27','SHEET','any','تاريخ','any',7,1,9999,'2016-10-27 16:49:40'),(2720,'2016-10-27','SHEET','any','تاريخ','any',7,1,9999,'2016-10-27 16:50:04'),(2721,'2016-10-28','SHEET','any','any','any',3,1,9999,'2016-10-28 05:39:31'),(2722,'2016-10-28','SHEET','any','any','ירושלים',3,1,9999,'2016-10-28 05:39:58'),(2723,'2016-10-28','SHEET','any','any','ירושלים',3,1,9999,'2016-10-28 05:40:57'),(2724,'2016-10-28','SHEET','any','any','any',3,1,9999,'2016-10-28 05:43:29'),(2725,'2016-10-28','SHEET','any','any','any',3,1,9999,'2016-10-28 05:47:20'),(2726,'2016-10-28','MAP','any','تاريخ','any',7,1,9999,'2016-10-28 06:33:26'),(2727,'2016-10-28','MAP','any','تاريخ','any',7,1,9999,'2016-10-28 06:33:30'),(2728,'2016-10-28','SHEET','any','any','חיפה',1,1,9999,'2016-10-28 07:19:26'),(2729,'2016-10-28','SHEET','any','any','any',9,1,9999,'2016-10-28 09:38:22'),(2730,'2016-10-28','SHEET','any','any','any',9,1,9999,'2016-10-28 09:39:08'),(2731,'2016-10-28','SHEET','any','استشارة','any',9,1,9999,'2016-10-28 09:41:43'),(2732,'2016-10-28','SHEET','any','استشارة','any',9,1,9999,'2016-10-28 09:42:05'),(2733,'2016-10-28','SHEET','any','تاريخ','any',7,1,9999,'2016-10-28 09:42:35'),(2734,'2016-10-28','SHEET','any','تاريخ','any',7,1,9999,'2016-10-28 09:43:07'),(2735,'2016-10-28','SHEET','any','تاريخ','any',7,1,9999,'2016-10-28 09:47:39'),(2737,'2016-10-28','SHEET','any','any','any',14,1,9999,'2016-10-28 10:11:23'),(2738,'2016-10-28','SHEET','any','any','any',14,1,9999,'2016-10-28 10:12:52'),(2739,'2016-10-28','SHEET','any','any','any',14,1,9999,'2016-10-28 12:03:41'),(2740,'2016-10-28','SHEET','any','تاريخ','any',14,1,9999,'2016-10-28 12:39:13'),(2741,'2016-10-28','SHEET','any','تاريخ','any',14,1,9999,'2016-10-28 12:39:25'),(2742,'2016-10-28','SHEET','any','تاريخ','any',7,1,9999,'2016-10-28 12:43:20'),(2743,'2016-10-28','SHEET','any','تاريخ','any',7,1,9999,'2016-10-28 16:35:22'),(2744,'2016-10-28','SHEET','any','ااخ','any',14,1,9999,'2016-10-28 16:36:19'),(2745,'2016-10-28','SHEET','any','تاريخ','any',14,1,9999,'2016-10-28 16:36:28'),(2746,'2016-10-29','SHEET','any','any','any',14,1,9999,'2016-10-29 09:34:26'),(2747,'2016-10-29','SHEET','any','any','פלסטין',14,1,9999,'2016-10-29 09:35:20'),(2748,'2016-10-29','SHEET','any','any','plastin',14,1,9999,'2016-10-29 09:36:02'),(2749,'2016-10-29','SHEET','any','any','palastin',14,1,9999,'2016-10-29 09:36:25'),(2750,'2016-10-29','SHEET','any','any','palastine',14,1,9999,'2016-10-29 09:37:01'),(2751,'2016-10-29','MAP','any','any','palastine',14,1,9999,'2016-10-29 09:37:26'),(2752,'2016-10-29','SHEET','any','any','palastine',14,1,9999,'2016-10-29 09:37:38'),(2753,'2016-10-29','SHEET','any','any','jerusalem',14,1,9999,'2016-10-29 09:37:54'),(2754,'2016-10-29','SHEET','any','any','jerusalem',14,1,9999,'2016-10-29 09:38:34'),(2755,'2016-10-29','SHEET','any','any','jerusalem',14,1,9999,'2016-10-29 09:38:38'),(2756,'2016-10-29','SHEET','any','تاريخ ','any',14,1,9999,'2016-10-29 12:52:07'),(2757,'2016-10-29','SHEET','any','تاريخ ','any',14,1,9999,'2016-10-29 12:52:08'),(2758,'2016-10-29','SHEET','any','שלום','any',14,1,9999,'2016-10-29 12:52:17'),(2759,'2016-10-30','SHEET','any','any','any',14,1,9999,'2016-10-30 07:56:58'),(2760,'2016-10-30','SHEET','any','تاريخ','any',7,1,9999,'2016-10-30 14:18:12'),(2761,'2016-10-30','SHEET','any','any','any',14,1,9999,'2016-10-30 16:27:57'),(2762,'2016-10-31','SHEET','any','any','any',14,1,9999,'2016-10-31 13:30:04'),(2763,'2016-10-31','SHEET','any','חיפה','any',15,1,9999,'2016-10-31 20:34:22'),(2764,'2016-10-31','SHEET','any','חיפה','any',15,1,9999,'2016-10-31 20:35:29'),(2765,'2016-11-01','SHEET','any','שלום','any',14,1,9999,'2016-11-01 07:47:17'),(2766,'2016-11-01','SHEET','any','محمد','any',16,1,9999,'2016-11-01 08:08:46'),(2767,'2016-11-01','SHEET','any','חורף','any',14,1,9999,'2016-11-01 14:54:25'),(2768,'2016-11-02','SHEET','any','تاريخ','any',7,1,9999,'2016-11-02 07:25:21'),(2769,'2016-11-02','SHEET','any','محند','any',16,1,9999,'2016-11-02 09:26:42'),(2770,'2016-11-02','SHEET','any','محمد ','any',16,1,9999,'2016-11-02 09:26:47'),(2771,'2016-11-02','SHEET','any','ق','any',16,1,9999,'2016-11-02 09:26:54'),(2772,'2016-11-02','SHEET','any','قال','any',16,1,9999,'2016-11-02 09:27:07'),(2773,'2016-11-02','SHEET','any','صحيح','any',16,1,9999,'2016-11-02 09:27:22'),(2774,'2016-11-02','SHEET','any','الرسول','any',16,1,9999,'2016-11-02 09:27:29'),(2775,'2016-11-02','SHEET','any','رسول','any',16,1,9999,'2016-11-02 09:27:44'),(2776,'2016-11-02','SHEET','any','any','any',16,1980,9999,'2016-11-02 09:28:31'),(2777,'2016-11-02','SHEET','any','any','any',16,1980,9999,'2016-11-02 09:28:54'),(2778,'2016-11-02','SHEET','any','تاريخ','any',2,1,9999,'2016-11-02 21:51:11'),(2779,'2016-11-03','SHEET','any','any','any',14,1,9999,'2016-11-03 14:57:50'),(2780,'2016-11-03','SHEET','any','بدر','any',16,1,9999,'2016-11-03 15:04:51'),(2781,'2016-11-03','SHEET','any','محد','any',16,1,9999,'2016-11-03 15:04:56'),(2782,'2016-11-03','SHEET','any','محمد','any',16,1,9999,'2016-11-03 15:05:02'),(2783,'2016-11-04','SHEET','any','any','any',3,1,9999,'2016-11-04 11:37:03'),(2784,'2016-11-06','SHEET','any','any','any',17,1,9999,'2016-11-06 10:16:28'),(2785,'2016-11-06','SHEET','any','تاريخ','any',14,1,9999,'2016-11-06 11:44:22'),(2786,'2016-11-06','SHEET','any','any','any',14,1,9999,'2016-11-06 17:48:15'),(2787,'2016-11-06','MAP','any','ירו','any',14,1,9999,'2016-11-06 17:49:41'),(2788,'2016-11-06','MAP','any','י','any',14,1,9999,'2016-11-06 17:49:47'),(2789,'2016-11-07','SHEET','any','any','any',3,1,9999,'2016-11-07 17:15:13'),(2790,'2016-11-09','SHEET','any','any','any',17,1,9999,'2016-11-09 16:10:26'),(2791,'2016-11-10','SHEET','any','any','any',3,1,9999,'2016-11-10 06:13:07'),(2792,'2016-11-10','SHEET','any','any','any',3,1,9999,'2016-11-10 06:13:39'),(2793,'2016-11-10','SHEET','any','any','any',3,1,9999,'2016-11-10 06:19:07'),(2794,'2016-11-10','SHEET','any','any','any',3,1,9999,'2016-11-10 06:45:04'),(2795,'2016-11-10','SHEET','any','any','any',3,1,9999,'2016-11-10 06:45:26'),(2796,'2016-11-10','SHEET','any','any','jerusalem',3,1,9999,'2016-11-10 06:45:46'),(2797,'2016-11-10','SHEET','any','any','jerusalem',3,1,9999,'2016-11-10 06:46:46'),(2798,'2016-11-10','SHEET','any','any','jerusalem',3,1,9999,'2016-11-10 06:47:05'),(2799,'2016-11-10','MAP','any','any','hifa',3,1,9999,'2016-11-10 06:47:26'),(2800,'2016-11-10','MAP','any','any','חיפה',3,1,9999,'2016-11-10 06:47:43'),(2801,'2016-11-10','MAP','any','any','חיפה',3,1,9999,'2016-11-10 06:48:08'),(2802,'2016-11-10','SHEET','any','any','any',14,1,9999,'2016-11-10 06:48:55'),(2803,'2016-11-10','SHEET','any','any','any',14,1,9999,'2016-11-10 07:15:54'),(2804,'2016-11-10','SHEET','any','any','any',14,1,9999,'2016-11-10 08:45:56'),(2805,'2016-11-10','SHEET','any','any','any',18,1,9999,'2016-11-10 08:46:32'),(2806,'2016-11-10','SHEET','any','ירושלים','any',18,1,9999,'2016-11-10 08:46:43'),(2807,'2016-11-10','SHEET','any','ירושלים','any',18,1,9999,'2016-11-10 08:53:33'),(2808,'2016-11-10','SHEET','any','تاريخ','any',14,1,9999,'2016-11-10 09:16:07'),(2809,'2016-11-10','SHEET','any','تاريخ','any',14,1,9999,'2016-11-10 09:18:57'),(2810,'2016-11-10','SHEET','any','any','any',14,1,9999,'2016-11-10 18:46:23'),(2811,'2016-11-10','SHEET','any','any','any',14,1,9999,'2016-11-10 18:46:28'),(2812,'2016-11-10','SHEET','any','any','any',14,1,9999,'2016-11-10 18:46:33'),(2813,'2016-11-10','SHEET','any','any','any',8,1,9999,'2016-11-10 18:50:17'),(2814,'2016-11-10','SHEET','any','any','any',14,1,9999,'2016-11-10 18:57:49'),(2815,'2016-11-10','SHEET','any','any','any',3,1,9999,'2016-11-10 18:58:34'),(2816,'2016-11-11','SHEET','any','any','any',14,1,9999,'2016-11-11 19:24:26'),(2817,'2016-11-14','SHEET','any','احمد','any',19,1,9999,'2016-11-14 10:03:56'),(2818,'2016-11-14','SHEET','any','any','any',19,1,9999,'2016-11-14 10:04:12'),(2819,'2016-11-14','SHEET','any','any','any',14,1,9999,'2016-11-14 21:41:47'),(2820,'2016-11-15','SHEET','any','تاريخ','any',14,1,9999,'2016-11-15 04:20:53'),(2821,'2016-11-15','SHEET','any','معذبو الارض','any',17,1,9999,'2016-11-15 07:00:27'),(2822,'2016-11-15','SHEET','any',' الارض','any',17,1,9999,'2016-11-15 07:00:36'),(2823,'2016-11-15','SHEET','any','any','الارض',17,1,9999,'2016-11-15 07:00:51'),(2824,'2016-11-15','MAP','any','any','1948',17,1,9999,'2016-11-15 07:01:42'),(2825,'2016-11-16','SHEET','any','any','any',17,1,9999,'2016-11-16 11:49:32'),(2826,'2016-11-16','SHEET','any','any','احمد',17,1,9999,'2016-11-16 13:44:33'),(2827,'2016-11-16','BOOK','any','any','بحر',20,1,9999,'2016-11-16 20:37:11'),(2828,'2016-11-16','BOOK','محمد','any','any',20,1,9999,'2016-11-16 20:46:20'),(2829,'2016-11-16','BOOK','محمد','any','any',20,1,9999,'2016-11-16 20:46:25'),(2830,'2016-11-16','BOOK','محمد','any','any',20,1,9999,'2016-11-16 20:46:29'),(2831,'2016-11-16','BOOK','محمد','any','any',20,1,9999,'2016-11-16 20:46:32'),(2832,'2016-11-16','BOOK','دانيال','any','any',20,1,9999,'2016-11-16 20:46:42'),(2833,'2016-11-16','BOOK','ربيغةع','any','any',20,1,9999,'2016-11-16 20:46:52'),(2834,'2016-11-16','BOOK','מישהו חשוב','any','any',20,1,9999,'2016-11-16 20:47:10'),(2835,'2016-11-16','BOOK','מארק','any','any',20,1,9999,'2016-11-16 20:47:15'),(2836,'2016-11-16','BOOK','מארק','any','any',20,1,9999,'2016-11-16 20:47:21'),(2837,'2016-11-16','BOOK','מארק','any','any',20,1,9999,'2016-11-16 20:47:25'),(2838,'2016-11-16','BOOK','יונתן','any','any',20,1,9999,'2016-11-16 20:47:34'),(2839,'2016-11-16','BOOK','אייל','any','any',20,1,9999,'2016-11-16 20:47:44'),(2840,'2016-11-16','BOOK','אייל','any','any',20,1,9999,'2016-11-16 20:47:48'),(2841,'2016-11-16','BOOK','אייל','any','any',20,1,9999,'2016-11-16 20:48:12'),(2842,'2016-11-16','BOOK','שלום','any','any',20,1,9999,'2016-11-16 20:48:28'),(2843,'2016-11-16','BOOK','שלום','any','any',20,1,9999,'2016-11-16 20:48:33'),(2844,'2016-11-16','BOOK','שלום','any','any',20,1,9999,'2016-11-16 20:48:39'),(2845,'2016-11-16','BOOK','שלום','any','any',20,1,9999,'2016-11-16 20:48:43'),(2846,'2016-11-16','BOOK','שלום','any','any',20,1,9999,'2016-11-16 20:48:47'),(2847,'2016-11-16','BOOK','שלום','any','any',20,1,9999,'2016-11-16 20:48:52'),(2848,'2016-11-16','BOOK','יסמין','any','any',20,1,9999,'2016-11-16 20:49:10'),(2849,'2016-11-16','BOOK','יסמין','any','any',20,1,9999,'2016-11-16 20:49:16'),(2850,'2016-11-16','BOOK','بخاري','any','any',20,1,9999,'2016-11-16 20:50:10'),(2851,'2016-11-16','BOOK','البخاري','any','any',20,1,9999,'2016-11-16 20:50:16'),(2852,'2016-11-16','BOOK','بطوطة','any','any',20,1,9999,'2016-11-16 20:50:21'),(2853,'2016-11-16','BOOK','مسلم','any','any',20,1,9999,'2016-11-16 20:50:27'),(2854,'2016-11-16','BOOK','يوسف','any','any',20,1,9999,'2016-11-16 20:50:36'),(2855,'2016-11-16','BOOK','סופר2','any','any',20,1,9999,'2016-11-16 20:53:59'),(2856,'2016-11-16','BOOK','طالب','any','any',20,1,9999,'2016-11-16 20:54:08'),(2857,'2016-11-16','BOOK','احمد','any','any',20,1,9999,'2016-11-16 20:54:15'),(2858,'2016-11-16','BOOK','مهم','any','any',20,1,9999,'2016-11-16 20:54:22'),(2859,'2016-11-16','BOOK','هام','any','any',20,1,9999,'2016-11-16 20:54:30'),(2860,'2016-11-16','BOOK','صالح','any','any',20,1,9999,'2016-11-16 20:54:37'),(2861,'2016-11-16','BOOK','كريم','any','any',20,1,9999,'2016-11-16 20:54:48'),(2862,'2016-11-16','BOOK','יוני','any','any',20,1,9999,'2016-11-16 20:57:16'),(2863,'2016-11-16','BOOK','יונתן','any','any',20,1,9999,'2016-11-16 20:57:23'),(2864,'2016-11-16','BOOK','עמיר','any','any',20,1,9999,'2016-11-16 20:57:32'),(2865,'2016-11-16','BOOK','כהן','any','any',20,1,9999,'2016-11-16 20:57:40'),(2866,'2016-11-16','BOOK','חדד','any','any',20,1,9999,'2016-11-16 20:58:25'),(2867,'2016-11-16','BOOK','אופיר','any','any',20,1,9999,'2016-11-16 20:58:34'),(2868,'2016-11-16','BOOK','אופיר','any','any',20,1,9999,'2016-11-16 20:58:50'),(2869,'2016-11-16','BOOK','מור','any','any',20,1,9999,'2016-11-16 21:01:03'),(2870,'2016-11-16','BOOK','דין','any','any',20,1,9999,'2016-11-16 21:01:23'),(2871,'2016-11-16','BOOK','סטיפאני ','any','any',20,1,9999,'2016-11-16 21:01:35'),(2872,'2016-11-16','BOOK','סטיב','any','any',20,1,9999,'2016-11-16 21:01:39'),(2873,'2016-11-16','BOOK','smith','any','any',20,1,9999,'2016-11-16 21:02:44'),(2874,'2016-11-16','BOOK','smith','any','any',20,1,9999,'2016-11-16 21:02:47'),(2875,'2016-11-16','BOOK','smith','any','any',20,1,9999,'2016-11-16 21:02:51'),(2876,'2016-11-16','BOOK','מאיה','any','any',20,1,9999,'2016-11-16 21:42:04'),(2877,'2016-11-16','BOOK','طارق','any','any',20,1,9999,'2016-11-16 21:42:16'),(2878,'2016-11-16','BOOK','صالح','any','any',20,1,9999,'2016-11-16 21:42:23'),(2879,'2016-11-16','BOOK','رابح','any','any',20,1,9999,'2016-11-16 21:44:36'),(2880,'2016-11-16','BOOK','عامر','any','any',20,1,9999,'2016-11-16 21:44:42'),(2881,'2016-11-17','SHEET','any','any','ירושלים',14,1,9999,'2016-11-17 07:58:00'),(2882,'2016-11-17','SHEET','any','any','ירושלים',14,1,9999,'2016-11-17 07:58:54'),(2883,'2016-11-17','SHEET','any','any','any',14,1,9999,'2016-11-17 09:38:40'),(2884,'2016-11-17','SHEET','any','jerusalem','any',3,1,9999,'2016-11-17 09:58:45'),(2885,'2016-11-17','SHEET','any','tel aviv','any',3,1,9999,'2016-11-17 09:59:43'),(2886,'2016-11-17','BOOK','tel aviv','any','any',3,1,9999,'2016-11-17 09:59:49'),(2887,'2016-11-17','SHEET','any','shalom','any',3,1,9999,'2016-11-17 10:00:05'),(2888,'2016-11-17','SHEET','any','any','shalom',3,1,9999,'2016-11-17 10:00:24'),(2889,'2016-11-17','SHEET','any','any','any',3,1,9999,'2016-11-17 10:03:37'),(2890,'2016-11-17','MAP','any','תל אביב','any',3,1,9999,'2016-11-17 16:20:28'),(2891,'2016-11-17','MAP','any','tel aviv','any',3,1,9999,'2016-11-17 16:20:39'),(2892,'2016-11-17','MAP','any','any','tel aviv',3,1,9999,'2016-11-17 16:21:03'),(2893,'2016-11-17','MAP','any','any','tel',3,1,9999,'2016-11-17 16:21:14'),(2894,'2016-11-17','MAP','any','Israel','any',3,1,9999,'2016-11-17 18:40:54'),(2895,'2016-11-17','MAP','any','Israel','any',3,1,9999,'2016-11-17 18:40:57'),(2896,'2016-11-17','SHEET','any','any','احمد',17,1,9999,'2016-11-17 19:22:06'),(2897,'2016-11-17','MAP','any','any','any',17,1,9999,'2016-11-17 19:23:57'),(2898,'2016-11-18','SHEET','any','any','any',3,1,9999,'2016-11-18 20:06:28'),(2899,'2016-11-18','SHEET','any','any','any',3,1,9999,'2016-11-18 20:06:45'),(2900,'2016-11-18','MAP','any','any','any',14,1920,1930,'2016-11-18 21:14:57'),(2901,'2016-11-18','MAP','any','mohamad','any',3,1,9999,'2016-11-18 21:28:45'),(2902,'2016-11-18','MAP','mohamad','any','any',3,1,9999,'2016-11-18 21:28:52'),(2903,'2016-11-18','SHEET','any','any','mohamad',3,1,9999,'2016-11-18 21:29:09'),(2904,'2016-11-18','SHEET','any','any','islam',3,1,9999,'2016-11-18 21:29:34'),(2905,'2016-11-18','SHEET','any','any','islam',3,1,9999,'2016-11-18 21:30:09'),(2906,'2016-11-18','SHEET','any','any','islam',3,1,9999,'2016-11-18 21:30:18'),(2907,'2016-11-18','BOOK','islam','any','any',3,1,9999,'2016-11-18 21:30:44'),(2908,'2016-11-18','SHEET','any','any','islam',3,1,9999,'2016-11-18 21:31:24'),(2909,'2016-11-18','BOOK','mohamd','any','any',3,1,9999,'2016-11-18 21:37:52'),(2910,'2016-11-18','BOOK','any','any','mohamd',3,1,9999,'2016-11-18 21:38:36'),(2911,'2016-11-18','SHEET','any','any','palestain',3,1,9999,'2016-11-18 21:38:58'),(2912,'2016-11-18','SHEET','any','any','pale',3,1,9999,'2016-11-18 21:39:10'),(2913,'2016-11-19','SHEET','any','تاريخ','any',14,1,9999,'2016-11-19 02:13:20'),(2914,'2016-11-19','SHEET','any','any','any',14,1910,1915,'2016-11-19 08:51:13'),(2915,'2016-11-19','SHEET','any','any','any',3,1,9999,'2016-11-19 08:52:49'),(2916,'2016-11-19','SHEET','any','any','any',3,1910,1915,'2016-11-19 08:53:10'),(2917,'2016-11-19','SHEET','any','any','any',3,1910,1915,'2016-11-19 08:53:19'),(2918,'2016-11-19','SHEET','any','any','any',14,1,9999,'2016-11-19 08:53:54'),(2919,'2016-11-19','SHEET','any','any','any',14,1,9999,'2016-11-19 10:32:47'),(2920,'2016-11-19','SHEET','any','تاريخ','any',14,1,9999,'2016-11-19 10:33:02'),(2921,'2016-11-19','SHEET','any','تاريخ','any',14,1,9999,'2016-11-19 17:37:10'),(2922,'2016-11-19','SHEET','any','تاريخ','any',14,1,9999,'2016-11-19 17:52:47'),(2923,'2016-11-20','MAP','any','any','any',14,1,9999,'2016-11-20 08:15:44'),(2924,'2016-11-20','MAP','any','any','any',14,1,9999,'2016-11-20 08:15:53'),(2925,'2016-11-20','SHEET','any','تاريخ','any',14,1,9999,'2016-11-20 08:23:25'),(2926,'2016-11-20','SHEET','any','تاريخ','any',14,1,9999,'2016-11-20 08:23:44'),(2927,'2016-11-20','SHEET','any','Jerusalem','any',21,1,9999,'2016-11-20 08:33:31'),(2928,'2016-11-20','SHEET','any','Jerusalem','any',22,1,9999,'2016-11-20 15:50:28'),(2929,'2016-11-20','SHEET','any','Jerusalem','any',22,1,9999,'2016-11-20 15:52:28'),(2930,'2016-11-20','MAP','any','Jerusalem','any',22,1,9999,'2016-11-20 15:53:53'),(2931,'2016-11-20','SHEET','any','Jerusalem','any',22,1,9999,'2016-11-20 15:57:27'),(2932,'2016-11-20','SHEET','any','Jerusalem','any',22,1,9999,'2016-11-20 15:57:43'),(2933,'2016-11-20','SHEET','any','Mecca','any',22,1,9999,'2016-11-20 15:57:59'),(2934,'2016-11-20','SHEET','any','Jerusalem','any',22,1,9999,'2016-11-20 15:58:12'),(2935,'2016-11-20','SHEET','any','J','any',22,1,9999,'2016-11-20 15:58:25'),(2936,'2016-11-20','MAP','any','Jerusalem','any',22,1,9999,'2016-11-20 15:59:08'),(2937,'2016-11-20','SHEET','any','Jerusalem','any',22,1,9999,'2016-11-20 16:05:30'),(2938,'2016-11-20','MAP','any','any','any',14,1,9999,'2016-11-20 16:26:59'),(2939,'2016-11-20','SHEET','any','any','any',14,1,9999,'2016-11-20 18:11:00'),(2940,'2016-11-20','SHEET','any','any','any',23,1,9999,'2016-11-20 18:20:28'),(2941,'2016-11-20','SHEET','any','חיפה','any',23,1,9999,'2016-11-20 18:21:13'),(2942,'2016-11-20','SHEET','any','any','any',17,1,9999,'2016-11-20 21:56:04'),(2943,'2016-11-21','SHEET','any','any','احمد',17,1,9999,'2016-11-21 08:05:54'),(2944,'2016-11-21','SHEET','any','any','احمد',17,1,9999,'2016-11-21 11:29:11'),(2945,'2016-11-21','SHEET','any','any','havron',3,1,9999,'2016-11-21 12:26:57'),(2946,'2016-11-21','SHEET','any','any','havron',3,1,9999,'2016-11-21 12:27:27'),(2947,'2016-11-21','SHEET','any','any','jerusalem',3,1,9999,'2016-11-21 14:39:34'),(2948,'2016-11-21','SHEET','any','any','jerusalem',3,1,9999,'2016-11-21 14:39:42'),(2949,'2016-11-21','SHEET','any','any','any',3,1,9999,'2016-11-21 15:48:37'),(2950,'2016-11-21','SHEET','any','تاريخ','any',24,1,9999,'2016-11-21 16:17:37'),(2951,'2016-11-21','SHEET','any','تاريخ','any',24,1,9999,'2016-11-21 16:21:54'),(2952,'2016-11-21','MAP','any','חיפה','any',24,1,9999,'2016-11-21 16:22:48'),(2953,'2016-11-21','SHEET','any','تاريخ الاسلام','any',14,1,9999,'2016-11-21 20:21:41'),(2954,'2016-11-21','SHEET','any','تاريخ ','any',14,1,9999,'2016-11-21 20:21:50'),(2955,'2016-11-21','SHEET','any','محمد','any',14,1,9999,'2016-11-21 20:22:05'),(2956,'2016-11-21','SHEET','any','تاريخ','any',14,1,9999,'2016-11-21 20:22:44'),(2957,'2016-11-21','MAP','any','חיפה','any',14,1,9999,'2016-11-21 20:23:16'),(2958,'2016-11-21','SHEET','any','תחושת בטן','any',14,1,9999,'2016-11-21 20:24:14'),(2959,'2016-11-21','SHEET','any','العصر العباسي','any',14,1,9999,'2016-11-21 20:24:49'),(2960,'2016-11-21','SHEET','any','العصر الأموي','any',14,1,9999,'2016-11-21 20:25:01'),(2961,'2016-11-21','SHEET','any','إسلام','any',14,1,9999,'2016-11-21 20:25:13'),(2962,'2016-11-21','SHEET','any','نبي محمد','any',14,1,9999,'2016-11-21 20:25:37'),(2963,'2016-11-22','SHEET','any','العنوان','any',14,1,9999,'2016-11-22 15:00:57'),(2964,'2016-11-22','SHEET','any','العنوان','any',14,1,9999,'2016-11-22 15:01:13'),(2965,'2016-11-22','SHEET','any','تاريخ ','any',14,1,9999,'2016-11-22 15:01:59'),(2966,'2016-11-22','SHEET','any','تاريخ ','any',14,1,9999,'2016-11-22 15:02:05'),(2967,'2016-11-22','SHEET','any','تاريخ','any',14,1,9999,'2016-11-22 15:02:17'),(2968,'2016-11-27','SHEET','any','ערב','any',14,1,9999,'2016-11-27 18:35:31'),(2969,'2016-11-27','SHEET','any','islam','any',14,1,9999,'2016-11-27 18:35:53'),(2970,'2016-11-27','SHEET','any','islam','any',14,1,9999,'2016-11-27 18:36:47'),(2971,'2016-11-27','SHEET','any','any','any',14,1980,9999,'2016-11-27 18:37:00'),(2972,'2016-11-27','MAP','any','any','any',25,1800,9999,'2016-11-27 18:40:03'),(2973,'2016-11-27','SHEET','any','any','any',25,1800,9999,'2016-11-27 18:40:56'),(2974,'2016-11-27','SHEET','any','islam','any',25,1,9999,'2016-11-27 18:43:12'),(2975,'2016-11-27','SHEET','any','israel','any',25,1,9999,'2016-11-27 18:43:49'),(2976,'2016-11-28','SHEET','any','any','any',14,1,9999,'2016-11-28 19:01:29'),(2977,'2016-11-30','SHEET','any','تاريخ','any',14,1,9999,'2016-11-30 09:10:02'),(2978,'2016-12-01','SHEET','any','any','any',14,1,9999,'2016-12-01 20:57:52'),(2979,'2016-12-01','BOOK','any','any','jerusalem',14,1,9999,'2016-12-01 20:58:15'),(2980,'2016-12-02','SHEET','any','any','احمد',17,1,9999,'2016-12-02 20:16:14'),(2981,'2016-12-02','SHEET','any','any','الثعالبه',17,1,9999,'2016-12-02 20:16:59'),(2982,'2016-12-02','SHEET','any','any','الثعالبي',17,1,9999,'2016-12-02 20:17:10'),(2983,'2016-12-02','SHEET','any','any','لسان العرب',17,1,9999,'2016-12-02 20:18:04'),(2984,'2016-12-02','SHEET','any','any','لسان العرب',17,1,9999,'2016-12-02 20:18:07'),(2985,'2016-12-02','SHEET','any','any','العرب',17,1,9999,'2016-12-02 20:18:14'),(2986,'2016-12-02','SHEET','any','any','lsan al arab',17,1,9999,'2016-12-02 20:18:47'),(2987,'2016-12-02','SHEET','any','any','lsan alarab',17,1,9999,'2016-12-02 20:18:53'),(2988,'2016-12-02','SHEET','any','any','لسان',17,1,9999,'2016-12-02 20:19:04'),(2989,'2016-12-02','SHEET','any','لسان العرب','any',17,1,9999,'2016-12-02 20:19:32'),(2990,'2016-12-02','SHEET','any','لسان العرب','any',17,1,9999,'2016-12-02 20:19:35'),(2991,'2016-12-02','SHEET','any','لسان','any',17,1,9999,'2016-12-02 20:19:39'),(2992,'2016-12-02','SHEET','any','لسان','any',17,1,9999,'2016-12-02 20:19:49'),(2993,'2016-12-02','SHEET','any','any','العرب',17,1,9999,'2016-12-02 20:20:22'),(2994,'2016-12-02','SHEET','any','any','لسان ',17,1,9999,'2016-12-02 20:21:05'),(2995,'2016-12-05','SHEET','any','any','any',3,1,9999,'2016-12-05 16:57:59'),(2996,'2016-12-05','BOOK','any','any','שלום',3,1,9999,'2016-12-05 16:59:44'),(2997,'2016-12-06','SHEET','any','تاريخ','any',2,1,9999,'2016-12-06 12:39:30'),(2998,'2016-12-06','SHEET','any','تاريخ','any',2,1,9999,'2016-12-06 12:40:14'),(2999,'2016-12-06','SHEET','any','تاريخ','any',2,1,9999,'2016-12-06 12:41:31'),(3000,'2016-12-08','SHEET','any','تاريخ','any',2,1,9999,'2016-12-08 10:08:55'),(3001,'2016-12-09','BOOK','גלילה','any','any',26,1,9999,'2016-12-09 12:04:47'),(3002,'2016-12-09','SHEET','any','חיפה','any',26,1,9999,'2016-12-09 12:05:37'),(3003,'2016-12-09','BOOK','חיפה','any','any',26,1,9999,'2016-12-09 12:06:45'),(3004,'2016-12-09','BOOK','חיפה','any','any',26,1,9999,'2016-12-09 12:07:02'),(3005,'2016-12-11','MAP','any','any','any',3,1,9999,'2016-12-11 09:10:01'),(3006,'2016-12-11','SHEET','any','any','any',14,1,9999,'2016-12-11 09:30:27'),(3007,'2016-12-15','SHEET','any','any','any',14,1,9999,'2016-12-15 07:54:33'),(3008,'2016-12-17','SHEET','any','hestory','any',14,1,9999,'2016-12-17 07:55:08'),(3009,'2016-12-17','SHEET','any','history','any',14,1,9999,'2016-12-17 07:55:13'),(3010,'2016-12-17','SHEET','any','جبران','any',14,1,9999,'2016-12-17 07:55:50'),(3011,'2016-12-17','SHEET','any','تاريخ','any',14,1,9999,'2016-12-17 07:56:28'),(3012,'2016-12-17','MAP','any','ירושלים','any',14,1,9999,'2016-12-17 07:57:08'),(3013,'2016-12-22','SHEET','any','משחקי כדורגל בשנות ה 70','any',14,1,9999,'2016-12-22 04:17:47'),(3014,'2016-12-26','SHEET','any','any','any',14,1,9999,'2016-12-26 10:39:48'),(3015,'2016-12-26','SHEET','any','any','jerusalem',14,1,9999,'2016-12-26 15:05:26'),(3016,'2016-12-27','SHEET','any','تاريخ','any',2,1,9999,'2016-12-27 09:27:12'),(3017,'2016-12-27','MAP','any','any','jerusalem',14,1,9999,'2016-12-27 12:17:04'),(3018,'2016-12-29','SHEET','any','احمد','any',17,1,9999,'2016-12-29 14:09:33'),(3019,'2016-12-29','SHEET','any','any','تاريخ',17,1,9999,'2016-12-29 14:09:56'),(3020,'2017-01-06','SHEET','any','any','any',14,1,9999,'2017-01-06 16:59:16'),(3021,'2017-01-08','SHEET','any','mohammad','any',16,1,9999,'2017-01-08 13:30:48'),(3022,'2017-01-08','SHEET','any','mohammed','any',16,1,9999,'2017-01-08 13:30:52'),(3023,'2017-01-08','SHEET','any','تاريخ','any',16,1,9999,'2017-01-08 13:31:46'),(3024,'2017-01-08','SHEET','any','تاريخ','any',16,1,9999,'2017-01-08 13:33:54'),(3025,'2017-01-09','SHEET','any','any','any',3,1,9999,'2017-01-09 11:14:58'),(3026,'2017-01-10','SHEET','any','فراس','any',16,1,9999,'2017-01-10 12:10:57'),(3027,'2017-01-10','SHEET','any','شادن','any',16,1,9999,'2017-01-10 12:11:02'),(3028,'2017-01-10','SHEET','any','محمد','any',16,1,9999,'2017-01-10 12:11:08'),(3029,'2017-01-13','SHEET','any','any','any',14,1,9999,'2017-01-13 11:34:26'),(3030,'2017-01-13','MAP','any','any','any',14,1,9999,'2017-01-13 11:40:33'),(3031,'2017-01-13','MAP','any','any','any',14,1,9999,'2017-01-13 11:41:13'),(3032,'2017-01-13','SHEET','any','any','any',14,85,9999,'2017-01-13 11:42:59'),(3033,'2017-01-13','SHEET','any','any','any',14,85,9999,'2017-01-13 11:43:26'),(3034,'2017-01-13','SHEET','any','any','any',14,85,9999,'2017-01-13 11:43:43'),(3035,'2017-01-13','SHEET','any','any','any',14,85,9999,'2017-01-13 11:44:31'),(3036,'2017-01-13','SHEET','any','any','any',14,85,9999,'2017-01-13 11:44:37'),(3037,'2017-01-13','SHEET','any','any','any',14,85,9999,'2017-01-13 11:44:44'),(3038,'2017-01-13','SHEET','any','harry','any',14,1,9999,'2017-01-13 11:58:56'),(3039,'2017-01-13','SHEET','any','any','any',14,1,9999,'2017-01-13 12:01:01'),(3040,'2017-01-13','SHEET','any','any','any',14,1,9999,'2017-01-13 12:01:05'),(3041,'2017-01-13','SHEET','any','any','any',14,1,9999,'2017-01-13 12:01:13'),(3042,'2017-01-13','SHEET','any','any','any',14,1,9999,'2017-01-13 12:01:29'),(3043,'2017-01-15','SHEET','any','ירושלים','any',14,1,9999,'2017-01-15 19:43:44'),(3044,'2017-01-17','SHEET','any','any','any',3,1,9999,'2017-01-17 16:21:33'),(3045,'2017-01-17','SHEET','any','any','any',3,1,9999,'2017-01-17 16:21:58'),(3046,'2017-01-18','SHEET','any','any','any',14,1,9999,'2017-01-18 23:36:54'),(3047,'2017-01-18','SHEET','any','any','any',14,1,9999,'2017-01-18 23:37:23'),(3048,'2017-01-18','SHEET','any','any','any',14,1,9999,'2017-01-18 23:37:38'),(3049,'2017-01-18','SHEET','any','any','any',14,1,9999,'2017-01-18 23:37:55'),(3050,'2017-01-20','SHEET','any','any','any',14,1,9999,'2017-01-20 23:47:31'),(3051,'2017-01-28','SHEET','any','تاريخ','any',14,1,9999,'2017-01-28 18:41:03'),(3052,'2017-01-30','SHEET','any','any','any',14,1,9999,'2017-01-30 13:07:22'),(3053,'2017-01-31','SHEET','any','تاريخ ','any',16,1,9999,'2017-01-31 12:45:53'),(3054,'2017-01-31','SHEET','any','محمد','any',16,1,9999,'2017-01-31 12:46:07'),(3055,'2017-02-02','SHEET','any','any','any',3,1,9999,'2017-02-02 11:28:15'),(3056,'2017-02-02','SHEET','any','any','any',3,1,9999,'2017-02-02 11:28:33'),(3057,'2017-02-02','SHEET','any','any','any',3,1,9999,'2017-02-02 11:28:43'),(3058,'2017-02-02','SHEET','any','any','any',14,1,9999,'2017-02-02 11:28:58'),(3059,'2017-02-07','SHEET','any','any','any',14,1,9999,'2017-02-07 10:57:51'),(3060,'2017-02-08','SHEET','any','any','any',14,1,9999,'2017-02-08 06:59:51'),(3061,'2017-02-08','SHEET','any','any','any',14,1,9999,'2017-02-08 07:26:49'),(3062,'2017-02-13','SHEET','any','any','any',14,1,9999,'2017-02-13 13:28:06'),(3063,'2017-02-13','SHEET','any','any','any',14,1,9999,'2017-02-13 18:54:57');
/*!40000 ALTER TABLE `search` ENABLE KEYS */;
UNLOCK TABLES;

--
-- Table structure for table `user`
--

DROP TABLE IF EXISTS `user`;
/*!40101 SET @saved_cs_client     = @@character_set_client */;
/*!40101 SET character_set_client = utf8 */;
CREATE TABLE `user` (
  `userID` int(11) NOT NULL AUTO_INCREMENT,
  `email` varchar(255) COLLATE utf8_unicode_ci NOT NULL,
  `password` varchar(20) COLLATE utf8_unicode_ci NOT NULL,
  `firstName` varchar(45) COLLATE utf8_unicode_ci NOT NULL,
  `lastName` varchar(45) COLLATE utf8_unicode_ci NOT NULL,
  `gender` enum('m','f','n') COLLATE utf8_unicode_ci DEFAULT 'n',
  `birthday` date DEFAULT NULL,
  `wantToPlay` enum('Y','N') COLLATE utf8_unicode_ci DEFAULT 'Y',
  `userTypeID` int(11) NOT NULL,
  `curatorRequest` int(11) DEFAULT NULL,
  `WhenAdd` datetime DEFAULT CURRENT_TIMESTAMP,
  PRIMARY KEY (`userID`),
  UNIQUE KEY `userID_UNIQUE` (`userID`),
  UNIQUE KEY `email_UNIQUE` (`email`),
  KEY `fk_user_usertype_idx` (`userTypeID`),
  CONSTRAINT `fk_user_usertype` FOREIGN KEY (`userTypeID`) REFERENCES `usertype` (`userTypeID`) ON DELETE CASCADE ON UPDATE CASCADE
) ENGINE=InnoDB AUTO_INCREMENT=27 DEFAULT CHARSET=utf8 COLLATE=utf8_unicode_ci;
/*!40101 SET character_set_client = @saved_cs_client */;

--
-- Dumping data for table `user`
--

LOCK TABLES `user` WRITE;
/*!40000 ALTER TABLE `user` DISABLE KEYS */;
INSERT INTO `user` VALUES (1,'danial.ibraheem@gmail.com','7654321','Danial ','Ibraheem ','m','1900-01-01','Y',3,1,'2016-10-26 12:51:54'),(2,'dania.azaiza@gmail.com','123456','dania','azaiza','f','1900-01-01','Y',2,2,'2016-10-26 12:58:51'),(3,'s@w','12345678','shalom','Weiss','n','1900-01-01','Y',1,1,'2016-10-26 13:26:06'),(4,'alsttar@gmail.com','abdul0410','עבדאלסתאר','חטיב','n','1900-01-01','Y',1,1,'2016-10-26 14:09:37'),(5,'orenw@nli.org.il','tadpis','אורן','וינברג','m','1900-01-01','Y',1,1,'2016-10-27 09:00:13'),(6,'diab@abeer','ad@103','Abeer','Diab','f',NULL,'Y',1,1,'2016-10-27 12:48:57'),(7,'michael@simaan','123456','michael','Simaan','m','1900-01-01','Y',1,1,'2016-10-27 16:49:20'),(8,'a@a','123456','e','j','m','1900-01-01','Y',1,1,'2016-10-27 19:40:51'),(9,'Basel24.3@gmail.com','123321','Basel','Saad','m','1900-01-01','Y',1,1,'2016-10-28 09:38:02'),(14,'guest@lib','123','Guest','User','n','1900-01-01','Y',1,1,'2016-10-28 10:11:17'),(15,'shsmicharl@gmail.com','1234567','michael','g','n','1900-01-01','Y',1,1,'2016-10-31 20:34:01'),(16,'fahoumbader@gmail.com','gerrard87f','Bader','Fahoum','m','1900-01-01','Y',2,2,'2016-11-01 08:08:25'),(17,'b@b','12345','a@a','a@a','m','1900-01-01','Y',1,1,'2016-11-06 10:16:19'),(18,'basel@root','0546629','באסל','סעד','n','1900-01-01','Y',1,1,'2016-11-10 08:46:28'),(19,'abd.24.10.1990@gmail.com','abdq23','abd','jayousi','m','1900-01-01','Y',1,1,'2016-11-14 10:03:44'),(20,'Daniel@Curator','12345','Danial ','Ibraheem ','m','1900-01-01','Y',2,2,'2016-11-16 20:35:29'),(21,'eyal.reuven@nli.org.il','libarab','Eyal','Reuven','m','1900-01-01','Y',1,1,'2016-11-20 08:32:09'),(22,'dror.oberman@nli.org.il','123456r','Dror','Oberman','m','1900-01-01','Y',1,1,'2016-11-20 15:49:56'),(23,'shs@gmail.com','1234567','m','g','n','1900-01-01','Y',1,1,'2016-11-20 18:11:29'),(24,'ehsj@ga.com','123456','emil','j','m','1900-01-01','Y',2,2,'2016-11-21 16:16:47'),(25,'anna.skoblo@gmail.com','Hy3339','Anna','Sk','n','1900-01-01','Y',1,1,'2016-11-27 18:38:11'),(26,'tomersaias1109@gmail.com','1234567','tomer','saias','m','1900-01-01','Y',1,1,'2016-12-09 12:03:50');
/*!40000 ALTER TABLE `user` ENABLE KEYS */;
UNLOCK TABLES;

--
-- Table structure for table `userGameInfo`
--

DROP TABLE IF EXISTS `userGameInfo`;
/*!40101 SET @saved_cs_client     = @@character_set_client */;
/*!40101 SET character_set_client = utf8 */;
CREATE TABLE `userGameInfo` (
  `userGameID` int(11) NOT NULL,
  `score` int(11) NOT NULL DEFAULT '0',
  `WhenAdd` datetime DEFAULT CURRENT_TIMESTAMP,
  PRIMARY KEY (`userGameID`),
  UNIQUE KEY `userGameID_UNIQUE` (`userGameID`)
) ENGINE=InnoDB DEFAULT CHARSET=utf8;
/*!40101 SET character_set_client = @saved_cs_client */;

--
-- Dumping data for table `userGameInfo`
--

LOCK TABLES `userGameInfo` WRITE;
/*!40000 ALTER TABLE `userGameInfo` DISABLE KEYS */;
INSERT INTO `userGameInfo` VALUES (1,2,'2016-10-26 13:33:10'),(2,6,'2016-10-26 13:25:08'),(3,6,'2016-10-26 13:29:04'),(16,12,'2016-11-01 08:09:28'),(17,3,'2016-11-20 21:55:32'),(22,1,'2016-11-20 16:07:20'),(24,1,'2016-11-21 16:21:15'),(25,1,'2016-11-27 18:39:11');
/*!40000 ALTER TABLE `userGameInfo` ENABLE KEYS */;
UNLOCK TABLES;

--
-- Table structure for table `usertype`
--

DROP TABLE IF EXISTS `usertype`;
/*!40101 SET @saved_cs_client     = @@character_set_client */;
/*!40101 SET character_set_client = utf8 */;
CREATE TABLE `usertype` (
  `userTypeID` int(11) NOT NULL,
  `type` varchar(45) NOT NULL,
  `WhenAdd` datetime DEFAULT CURRENT_TIMESTAMP,
  PRIMARY KEY (`userTypeID`),
  UNIQUE KEY `userTypeID_UNIQUE` (`userTypeID`)
) ENGINE=InnoDB DEFAULT CHARSET=utf8;
/*!40101 SET character_set_client = @saved_cs_client */;

--
-- Dumping data for table `usertype`
--

LOCK TABLES `usertype` WRITE;
/*!40000 ALTER TABLE `usertype` DISABLE KEYS */;
INSERT INTO `usertype` VALUES (1,'Regular','2016-09-29 12:35:41'),(2,'Curator','2016-09-29 12:35:41'),(3,'Admin','2016-09-29 12:35:41');
/*!40000 ALTER TABLE `usertype` ENABLE KEYS */;
UNLOCK TABLES;
/*!40103 SET TIME_ZONE=@OLD_TIME_ZONE */;

/*!40101 SET SQL_MODE=@OLD_SQL_MODE */;
/*!40014 SET FOREIGN_KEY_CHECKS=@OLD_FOREIGN_KEY_CHECKS */;
/*!40014 SET UNIQUE_CHECKS=@OLD_UNIQUE_CHECKS */;
/*!40101 SET CHARACTER_SET_CLIENT=@OLD_CHARACTER_SET_CLIENT */;
/*!40101 SET CHARACTER_SET_RESULTS=@OLD_CHARACTER_SET_RESULTS */;
/*!40101 SET COLLATION_CONNECTION=@OLD_COLLATION_CONNECTION */;
/*!40111 SET SQL_NOTES=@OLD_SQL_NOTES */;

-- Dump completed on 2017-02-15 20:11:05
